First Name,Last Name,Mailing Address,Mailing City,Mailing State,Mailing Zip,Property Address,Property City,Property State,Property Zip
,Alifar Llc,2924 GHOLSON RD,Waco,TX,76704,,,TX,
,216 Deb Ave Llc,201 N 38TH ST,Waco,TX,76710,,,TX,
Hope,Valentine,9908 IRON HORSE TRL,Waco,TX,76708,9908 Ironhorse Tr,Waco,TX,76708
Patricia,Octave,6508 CRYSTAL CT,Woodway,TX,76712,6508 Crystal Ct,Woodway,TX,76712
Billy,Murphy,800 MOSLEY DR,Waco,TX,76705,800 Mosley Dr,Waco,TX,76705
Clinton,Hill,4409 WESTCHESTER DR,Waco,TX,76710,4409 Westchester Dr,Waco,TX,76710
Amanda,Barton,1917 MOUNTAINVIEW DR,Waco,TX,76710,1917 Mountainview Dr,Waco,TX,76710
Guillermo,Villa,903 LINN ST,Waco,TX,76704,903 Linn St,Waco,TX,76704
Steven,Quintana,10805 PEPERAK CT,Waco,TX,76708,10805 Peperak Ct,Waco,TX,76708
Keith,Vintila,216 E CHAPMAN RD,Hewitt,TX,76643,216 E Chapman Rd,Hewitt,TX,76643
,Harbeson Family Trust,450 WHISPERING OAKS,China Spring,TX,76633,450 Whispering Oaks,China Spring,TX,76633
Sandra,Comsia,5213 LOCH LOMOND DR,Waco,TX,76710,5213 Loch Lomond Dr,Waco,TX,76710
Andrew,Parker,907 VAIL HIGHLANDS,Hewitt,TX,76643,907 Vail Highlands,Hewitt,TX,76643
,Central National Bank,PO BOX 2525,Waco,TX,76702,8320 W Hwy 84,Woodway,TX,76712
Colton,Shaw,285 N AVE B,Crawford,TX,76638,285 N Ave B,Crawford,TX,76638
,Lakeview Loan Servicing Llc,% M & T BANK,Buffalo,NY,14203,982 Saffles Rd,Waco,TX,76706
Katherine,Harris,1208 TIMBERLINE ST,Waco,TX,76705,1208 Timberline St,Waco,TX,76705
Karen,Saucedo,11964 E HIGHWAY 84,Axtell,TX,76624,11964 E Hwy 84,Axtell,TX,76624
,Central National Bank,PO BOX 2525,Waco,TX,76702,8320 W Hwy 84,Woodway,TX,76712
Gerald,Mccauley,714 HARVEST LN,Mc Gregor,TX,76657,714 Harvest Ln,Mcgregor,TX,76657
Merle,Prestwood,613 BONE RD,Valley Mills,TX,76689,613 Bone Rd,Valley Mills,TX,76689
Wesley,Bryan,10337 FALLEN LEAF,Waco,TX,76712,10337 Fallen Leaf Dr,Lorena,TX,76655
,Fotl Llc,2410 WYCON DR STE 104,Waco,TX,76712,2401 Ambassador Dr,Woodway,TX,76712
Michael,Kettler,281 ROSS ROAD SPUR,Waco,TX,76705,281 Ross Rd Spur,Waco,TX,76705
,Central National Bank,PO BOX 2525,Waco,TX,76702,8320 W Hwy 84,Woodway,TX,76712
,Central National Bank,PO BOX 2525,Waco,TX,76702,8320 W Hwy 84,Woodway,TX,76712
Robert,Staub,8 LONE STAR DR,Waco,TX,76708,8 Lone Star Dr,Waco,TX,76708
Santiago,Hernandez,10113 ORCHID LN,Waco,TX,76708,10113 Orchid Ln,Waco,TX,76708
Mark,Hoiten,1084 BONE RD,Valley Mills,TX,76689,1084 Bone Rd,Valley Mills,TX,76689
Matthew,Lang,799 COUNTRY SPRING RD,Lorena,TX,76655,799 Country Spring Rd,Lorena,TX,76655
Jason,Miotke,196 PARKHAVEN DR,Woodway,TX,76712,196 Parkhaven Dr,Woodway,TX,76712
Tiffany,Love,1725 W TATE ST,Robinson,TX,76706,1725 W Tate Ave,Waco,TX,76706
Mario,Nunez,1201 LA CLEDE ST,Waco,TX,76705,1201 La Clede St,Waco,TX,76705
,Central National Bank,PO BOX 2525,Waco,TX,76702,8320 W Hwy 84,Woodway,TX,76712
,Central National Bank,PO BOX 2525,Waco,TX,76702,8320 W Hwy 84,Woodway,TX,76712
,Central National Bank,PO BOX 2525,Waco,TX,76702,8320 W Hwy 84,Woodway,TX,76712
David,Drafahl,4120 KING RANCH RD,Waco,TX,76705,4120 King Ranch Rd,Waco,TX,76705
Jaime,Schaeper,591 WOODARD LN,Bruceville,TX,76630,591 Woodard Ln,Bruceville,TX,76630
Tyson,Dohrer,6640 OLD MEXIA RD,Waco,TX,76705,6640 Old Mexia Rd,Waco,TX,76705
Kansis,Powell,3615 SPRING VALLEY RD,Lorena,TX,76655,3615 Spring Valley Rd,Lorena,TX,76655
Paul,Cole,312 FANNIN DR,Hewitt,TX,76643,312 Fannin Dr,Hewitt,TX,76643
Ryan,Jordan,4421 CEDAR MOUNTAIN DR,Waco,TX,76708,4421 Cedar Mountain Dr,Waco,TX,76708
Michelle,Carter,3530 SW 7TH ST,Ocala,FL,34474,7301 Santos Dr,Woodway,TX,76712
Terry,Carrier,2512 PADDOCK LN,Robinson,TX,76706,2512 Paddock Ln,Waco,TX,76706
Josue,Oliva,2720 REUTER AVE,Waco,TX,76708,2720 Reuter Ave,Waco,TX,76708
Betty,Barnes,6313 HADEN DR,Waco,TX,76710,6313 Haden Dr,Waco,TX,76710
Melinda,Mace,307 N 41ST ST,Waco,TX,76710,307 N 41St St,Waco,TX,76710
Gregory,Courtney,1715 RIATA DR,Waco,TX,76712,1715 Riata Dr,Woodway,TX,76712
A,Coomer,216 LOPEZ ST,Waco,TX,76705,216 Lopez St,Waco,TX,76705
Robert,Plumb,210 S NORMA DR,Waco,TX,76705,210 S Norma Dr,Waco,TX,76705
Suzanne,Sassen,626 FRIENDLY OAKS DR,Bruceville,TX,76630,626 Friendly Oaks Dr,Bruceville,TX,76630
Sonja,Fitzke,1601 DOWNSVILLE RD,Robinson,TX,76706,1601 Downsville Rd,Waco,TX,76706
Torrie,Lusby,3104 RISINGER RD,Lorena,TX,76655,3104 Risinger Rd,Lorena,TX,76655
Izak,Verster,2204 N 44TH ST,Waco,TX,76710,2204 N 44Th St,Waco,TX,76710
Donald,Gerig,1600 OAK HOLLOW DR,Woodway,TX,76712,1600 Oak Hollow Dr,Woodway,TX,76712
William,Moorhouse,2087 SOUTHWINDS DR,Lorena,TX,76655,2087 Southwinds Dr,Lorena,TX,76655
Felix,Morris,501 DAVID DAVIS DR,Mcgregor,TX,76657,501 David Davis Dr,Mcgregor,TX,76657
Angela,Hudson,1065 DENDRON DR,Hewitt,TX,76643,1065 Dendron Dr,Hewitt,TX,76643
Christopher,Chance,1784 WARREN RD,Lorena,TX,76655,9916 Townridge Dr,Woodway,TX,76712
Jeremy,Pesina,2509 PADDOCK LN,Robinson,TX,76706,2509 Paddock Ln,Waco,TX,76706
,Connelly Living Trust,"MICHAEL A CONNELLY & ALICE S CONNELLY, TRUSTEES",Woodway,TX,76712,1209 Southwood Dr,Woodway,TX,76712
James,Oxley,JAMES H OXLEY JR & BETTY J OXLEY REVOCABLE LIVING TRUST,Waco,TX,76712,24 Sugar Creek Pl,Woodway,TX,76712
Jana,Hixson,513 KINGS ROW,Woodway,TX,76712,513 Kings Row,Woodway,TX,76712
Luz,Valdez,307 8TH ST,Valley Mills,TX,76689,209 N Van Buren Dr,Mcgregor,TX,76657
Carrie,Knight,302 TREE GROVE CIRCLE,Waco,TX,76712,302 Tree Grove Cir,Woodway,TX,76712
Lisa,Burch,693 WOODARD LN,Bruceville,TX,76630,693 Woodard Ln,Bruceville,TX,76630
Sebastian,Juarez,906 EDINBURGH DR,Mcgregor,TX,76657,906 Edinburgh Dr,Mcgregor,TX,76657
Manuel,Duenas,1404 LISA ST,Bellmead,TX,76705,1404 Lisa St,Waco,TX,76705
Timothy,Hammons,4500 SANGER AVE,Waco,TX,76710,4500 Sanger Ave,Waco,TX,76710
David,Kirkland,4434 E OLD AXTELL RD,Axtell,TX,76624,4434 E Old Axtell Rd,Axtell,TX,76624
David,Kirkland,4434 E OLD AXTELL RD,Axtell,TX,76624,4434 E Old Axtell Rd,Axtell,TX,76624
Lester,Johnson,4100 BEVERLY DR,Waco,TX,76711,4100 Beverly Dr,Waco,TX,76711
,Texas Pacific-Waco Holdings Llc,3408 MACARTHUR DR,Waco,TX,76708,,,TX,
Rosita,Saucedo,401 E BOWIE,Mart,TX,76664,401 Bowie Ave,Mart,TX,76664
Henry,Douglas,10229 HIGH EAGLE TRL,Fort Worth,TX,76108,,,TX,
Dominic,Braus,1957 HAMBLETON DR,Lorena,TX,76655,,,TX,
Rodney,Brown,3121 ROCKBRIDGE RD,Mc Gregor,TX,76657,,,TX,
Robert,Morgan,628 N 33RD ST,Waco,TX,76710,,,TX,
Celina,Eastland,3648 CHIMNEY CORNER DR,Waco,TX,76708,10501 China Spring Rd,Waco,TX,76708
,First National Bank Of Moody,PO BOX 128,Moody,TX,76557,,,TX,
,American Bank Na,PO BOX 154068,Waco,TX,76715,,,TX,
Octavio,Gonzalez,1914 SOUTH 12TH,Waco,TX,76706,,,TX,
,T4 Commercial Investments Llc,500 N VALLEY MILLS DR,Waco,TX,76710,,,TX,
John,Grusendorf,713 VERLO DR,Lorena,TX,76655,,,TX,
Zackary,Dawson,108 WINDY LN,Lorena,TX,76655,,,TX,
Gonzalo,Torres,4906 MEYERS LN,Waco,TX,76705,,,TX,
John,St,2125 HUNTINGTON DR,Waco,TX,76710,,,TX,
,Community Bank & Trust,% DAVID LACY,Waco,TX,76703,,,TX,
Leonel,Hernandez,3416 KENWOOD ST,Waco,TX,76706,,,TX,
,Community Bank & Trust,% DAVID LACY,Waco,TX,76703,,,TX,
Of,Secretary,3401 W END AVE STE 760W,Nashville,TN,37203,,,TX,
Maria,Moreno,1411 N VALLEY MILLS DR STE C,Waco,TX,76710,,,TX,
David,Bottoms,307 BRANCH RD,Woodway,TX,76712,,,TX,
David,Bottoms,307 BRANCH RD,Woodway,TX,76712,,,TX,
David,Bottoms,307 BRANCH RD,Woodway,TX,76712,,,TX,
Jennifer,Bradley,209 BOWIE LN,Hewitt,TX,76643,,,TX,
Mark,Bowles,1925 ANGELUS ST,Woodway,TX,76712,,,TX,
Delwin,Hinkle,6003 STATE HWY 22,Hillsboro,TX,76645,,,TX,
,American Bank Na,PO BOX 154068,Waco,TX,76715,,,TX,
,American Bank Na,PO BOX 154068,Waco,TX,76715,,,TX,
Kevin,Harper,284 BUBERT LANE,Mcgregor,TX,76657,,,TX,
Matthew,Rispoli,123 W 8OTH ST,New York,NY,10024,,,TX,
Matthew,Rispoli,123 W 8OTH ST,New York,NY,10024,,,TX,
John,Allen,1318 LISA ST,Waco,TX,76705,,,TX,
,Us Bank Trust Na,3501 OLYMPUS BLVD,Dallas,TX,75019,,,TX,
,Capital M Construction Llc,375 SAFFLE RD,Robinson,TX,76706,,,TX,
Matthew,Rispoli,123 W 8OTH ST,New York,NY,10024,,,TX,
Matthew,Rispoli,123 W 8OTH ST,New York,NY,10024,,,TX,
,First National Bank Of Central Texas,PO BOX 2662,Waco,TX,76702,,,TX,
,Us Bank Trust Na,3501 OLYMPUS BLVD,Dallas,TX,75019,,,TX,
Kristi,Rizo,210 N MARABLE,West,TX,76691,,,TX,
Kristi,Rizo,210 N MARABLE,West,TX,76691,,,TX,
Justin,Walton,3005 TWIN LAKES DR,Prosper,TX,75078,,,TX,
Justin,Walton,3005 TWIN LAKES DR,Prosper,TX,75078,,,TX,
Huy,Nguyen,614 JUNIPER AVE,Santa Ana,CA,92707,,,TX,
Huy,Nguyen,614 JUNIPER AVE,Santa Ana,CA,92707,,,TX,
Eddie,Goins,448 NORWOOD DR,Waco,TX,76712,,,TX,
Juan,San,3520 LELAND AVE,Waco,TX,76708,,,TX,
Juan,San,3520 LELAND AVE,Waco,TX,76708,,,TX,
,Oncor Electric Delivery Company Llc,PO BOX 139100,Dallas,TX,75313,,,TX,
Thomas,Johnson,2509 N 43RD ST,Waco,TX,76710,,,TX,
Carloss,Barnard,909 N 18TH ST,Waco,TX,76707,,,TX,
Of,Secretary,3401 W END AVE STE 760W,Nashville,TN,37203,,,TX,
Jorge,Vasquez,713 ROLLING HILLS DR,Hewitt,TX,76643,,,TX,
,Community Bank & Trust,% DAVID LACY,Waco,TX,76703,,,TX,
,Oncor Electric Delivery Company Llc,PO BOX 139100,Dallas,TX,75313,,,TX,
,Hikeaway Property Llc,DBA KEITH GUNN CONSTRUCTION,Woodway,TX,76712,,,TX,
,Community Bank & Trust,% DAVID LACY,Waco,TX,76703,,,TX,
,Community Bank & Trust,% DAVID LACY,Waco,TX,76703,,,TX,
,Community Bank & Trust,% DAVID LACY,Waco,TX,76703,,,TX,
Michael,Rogers,4307 CEDAR MOUNTAIN DR,Waco,TX,76708,,,TX,
Glenn,Mcnair,1006 MARABLE ST,West,TX,76691,,,TX,
Glenn,Mcnair,1006 MARABLE ST,West,TX,76691,,,TX,
Glenn,Mcnair,1006 MARABLE ST,West,TX,76691,,,TX,
Glenn,Mcnair,1006 MARABLE ST,West,TX,76691,,,TX,
Glenn,Mcnair,1006 MARABLE ST,West,TX,76691,,,TX,
Willie,Beverly,2549 OLD ROBINSON RD,Waco,TX,76706,,,TX,
Daniel,Reyes,117 S MADISON ST,Mc Gregor,TX,76657,,,TX,
Daniel,Reyes,117 S MADISON ST,Mc Gregor,TX,76657,,,TX,
,Versatile Developments Llc,2024 AUSTIN AVE,Waco,TX,76701,,,TX,
,Woody Butler Homes Inc,207 SUN VALLEY BLVD,Hewitt,TX,76643,,,TX,
Orlando,Martinez,5210 BAGBY AVE APT 537,Waco,TX,76711,,,TX,
Donald,Sorelle,1300 CIRCLEWOOD DR,Waco,TX,76712,,,TX,
,Woody Butler Homes Inc,207 SUN VALLEY BLVD,Hewitt,TX,76643,,,TX,
,Woody Butler Homes Inc,207 SUN VALLEY BLVD,Hewitt,TX,76643,,,TX,
,American Bank Na,PO BOX 154068,Waco,TX,76715,,,TX,
,Community Bank & Trust,% DAVID LACY,Waco,TX,76703,,,TX,
Trevesia,Bible,3225 N 27TH ST,Waco,TX,76708,,,TX,
Trevesia,Bible,3225 N 27TH ST,Waco,TX,76708,,,TX,
,First National Bank Of Moody,PO BOX 128,Moody,TX,76557,,,TX,
George,Graves,1502 S VALLEY MILLS DR,Waco,TX,76711,,,TX,
George,Graves,1502 S VALLEY MILLS DR,Waco,TX,76711,,,TX,
,Baxter Holdings Llc,11503 EASTWOOD ST,Magnolia,TX,77354,,,TX,
Rufus,Wallace,6406 WIETHORN DR,Waco,TX,76710,,,TX,
,Texas Pacific - Waco Holdings Llc,3408 MACARTHUR DR,Waco,TX,76708,,,TX,
,First National Bank Of Mcgregor,PO BOX 387,Mc Gregor,TX,76657,,,TX,
,First National Bank Of Mcgregor,PO BOX 387,Mc Gregor,TX,76657,,,TX,
,First National Bank Of Mcgregor,PO BOX 387,Mc Gregor,TX,76657,,,TX,
,First National Bank Of Mcgregor,PO BOX 387,Mc Gregor,TX,76657,,,TX,
,First National Bank Of Mcgregor,PO BOX 387,Mc Gregor,TX,76657,,,TX,
,First National Bank Of Mcgregor,PO BOX 387,Mc Gregor,TX,76657,,,TX,
Jason,Ramos,718 N 20TH ST,Waco,TX,76707,,,TX,
Tomas,Aviles,1000 S ADAMS,Mcgregor,TX,76657,,,TX,
Domingo,Hernandez,200 N JEFFERSON ST,Mcgregor,TX,76657,,,TX,
John,Malone,5400 BOSQUE BLVD,Waco,TX,76710,,,TX,
David,Woodard,2225 N 44TH ST,Waco,TX,76710,,,TX,
Luis,Juarez,2402 MORROW AVE,Waco,TX,76707,,,TX,
Christopher,Dieterich,728 FM 2603,Riesel,TX,76682,,,TX,
Matthew,Lieberman,2032 BLUE CUT RD N,Mcgregor,TX,76657,,,TX,
,American Bank Na,PO BOX 154068,Waco,TX,76715,,,TX,
Terri,Moore,3952 BLUSHING HEARTS RD,Las Vegas,NV,89115,,,TX,
Joe'L,Martin,PO BOX 165,Axtell,TX,76624,,,TX,
Jeffery,Armstrong,1448 BOYS RANCH RD,Waco,TX,76705,,,TX,
Ernest,Perales,7031 STEINBECK BEND DR,Waco,TX,76708,,,TX,
Ernest,Perales,7031 STEINBECK BEND DR,Waco,TX,76708,,,TX,
Ernest,Perales,7031 STEINBECK BEND DR,Waco,TX,76708,,,TX,
Water,Cottonwood,PO BOX 569,West,TX,76691,,,TX,
Reginald,Jones,1216 CHESTNUT ST,Waco,TX,76704,,,TX,
Debbie,Pierce,,,TX,,,,TX,
Marty,Merritt,805 N PATRICIA,Waco,TX,76705,4714 Utah St,Waco,TX,76705
Victor,Damm,1706 SPIDELILY VIEW,Cedar Park,TX,78613,Old Dallas Rd,West,TX,76691
Mario,Sanchez,,,TX,,,,TX,
Mario,Sanchez,,,TX,,,,TX,
Angela,Batista,,,TX,,,,TX,
Walker,Farrar,,,TX,,,,TX,
Finance,Ftl,,,TX,,,,TX,
Public,,,,TX,,,,TX,
Adam,Hornung,,,TX,,,,TX,
Breanna,Slaten,,,TX,,,,TX,
Breanna,Slaten,,,TX,,,,TX,
Elias,Flores,,,TX,,,,TX,
Elias,Flores,,,TX,,,,TX,
Thomas,Brown,3569 FAIRWAY DR,La Mesa,CA,91941,,,TX,
Nanette,Morgan,,,TX,,,,TX,
,Morgan Homestead Trust,,,TX,,,,TX,
,Piepenkotter Living Trust,,,TX,,,,TX,
Sam,Mason,,,TX,,,,TX,
Viviana,Smith,,,TX,,,,TX,
Shareka,Thomas,,,TX,,,,TX,
Of,Secretary,,,TX,,,,TX,
Kelly,Nors,,,TX,,,,TX,
Public,,,,TX,,,,TX,
Kelly,Nors,,,TX,,,,TX,
,A2Zgc Inc,,,TX,,,,TX,
,A2Zgc Inc,,,TX,,,,TX,
James,Blosser,,,TX,,,,TX,
James,Blosser,,,TX,,,,TX,
Brandon,Williams,,,TX,,,,TX,
Luiz,Guerrero,,,TX,,,,TX,
Public,,,,TX,,,,TX,
,Federal Agricultural Mortgage Corporation,,,TX,,,,TX,
Luis,Garcia,,,TX,,,,TX,
Elijah,Almanza,,,TX,,,,TX,
Elijah,Almanza,,,TX,,,,TX,
Brandon,Cruz,,,TX,,,,TX,
Public,,,,TX,,,,TX,
,Chambers Bank,,,TX,,,,TX,
,Auction.Com Llc,,,TX,,,,TX,
David,Harbeson,,,TX,,,,TX,
,Movement Mortgage Llc,,,TX,,,,TX,
,Idaho Housing And Finance Association,,,TX,,,,TX,
Public,,,,TX,,,,TX,
Kent,Kaiser,,,TX,,,,TX,
Bill,Randolph,,,TX,,,,TX,
Of,Children,PO BOX 155397,Waco,TX,76715,,,TX,
Public,,,,TX,,,,TX,
Public,,,,TX,,,,TX,
Public,,,,TX,,,,TX,
Sally,Kennedy,,,TX,,,,TX,
Sally,Kennedy,,,TX,,,,TX,
,Panacea Fund I Llc,,,TX,,,,TX,
Public,,,,TX,,,,TX,
Leroy,Lombard,,,TX,,,,TX,
Feasts,Firestation,,,TX,,,,TX,
,Dream Haus Tx Llc,,,TX,,,,TX,
Public,,,,TX,,,,TX,
Jorge,Ramirez,,,TX,,,,TX,
Public,,,,TX,,,,TX,
H,Big,,,TX,,,,TX,
Polo,Ortega,,,TX,,,,TX,
Polo,Ortega,,,TX,,,,TX,
Vanessa,Soto,,,TX,,,,TX,
Public,,,,TX,,,,TX,
Melissa,Beltran,,,TX,,,,TX,
Diego,Torres,11600 CHAPEL RD,Lorena,TX,76655,,,TX,
Diego,Torres,11600 CHAPEL RD,Lorena,TX,76655,,,TX,
Public,,,,TX,,,,TX,
John,Copeland,,,TX,,,,TX,
Ruby,Copeland,,,TX,,,,TX,
Sandra,Cone,,,TX,,,,TX,
Snack,Waco,,,TX,,,,TX,
Addition,Dewey,,,TX,,,,TX,
First,Woodway,,,TX,,,,TX,
,Phh Asset Services Llc,,,TX,,,,TX,
Dennis,Potter,,,TX,,,,TX,
Public,,,,TX,,,,TX,
Public,,,,TX,,,,TX,
Julian,Gonzalez,,,TX,,,,TX,
Public,,,,TX,,,,TX,
Mariela,Mena,,,TX,,,,TX,
Mariela,Mena,,,TX,,,,TX,
Public,,,,TX,,,,TX,
Public,,,,TX,,,,TX,
Public,,,,TX,,,,TX,
David,Bottoms,,,TX,,,,TX,
Mary,Tepe,,,TX,,,,TX,
Bailey,Horn,,,TX,,,,TX,
Connie,Mendoza,,,TX,,,,TX,
Connie,Mendoza,,,TX,,,,TX,
Brandy,Burns,,,TX,,,,TX,
Michelle,Woodin,,,TX,,,,TX,
Michelle,Woodin,,,TX,,,,TX,
Cole,Allen,,,TX,,,,TX,
Cole,Allen,,,TX,,,,TX,
Cherri,Matus,,,TX,,,,TX,
,Lonestar Flipco Financial Llc,,,TX,,,,TX,
Alexander,Korber,,,TX,,,,TX,
Alexander,Korbor,,,TX,,,,TX,
Amanda,Mustafa,,,TX,,,,TX,
Robert,Saucedo,,,TX,,,,TX,
,Wilhelm Property Group Llc,,,TX,,,,TX,
,Heyl & Patulski Investments Llc,,,TX,,,,TX,
Public,,,,TX,,,,TX,
,Rtlf-Tx Llc,,,TX,,,,TX,
Dillon,Miller,,,TX,,,,TX,
Dillon,Miller,,,TX,,,,TX,
Dillon,Miller,,,TX,,,,TX,
Public,,,,TX,,,,TX,
Herbert,Tompkins,,,TX,,,,TX,
Herbert,Tompkins,,,TX,,,,TX,
,Ajm Exteriors Llc,,,TX,,,,TX,
Jeremy,Earl,,,TX,,,,TX,
Lauren,Peacock,,,TX,,,,TX,
Public,,,,TX,,,,TX,
Scott,Mccauley,,,TX,,,,TX,
Keith,Fay,,,TX,,,,TX,
Keith,Fay,,,TX,,,,TX,
Public,,,,TX,,,,TX,
Public,,,,TX,,,,TX,
Public,,,,TX,,,,TX,
At,Offices,,,TX,,,,TX,
,Armstrong Bank,,,TX,,,,TX,
Rachel,Lychner,,,TX,,,,TX,
Carlos,Sura,1302 COMETA ST,Austin,TX,78721,,,TX,
Beverly,Mccauley,,,TX,,,,TX,
Gerald,Mccauley,,,TX,,,,TX,
,Rtlf-Tx Llc,,,TX,,,,TX,
,Cowboy Capital Assets Corporation,,,TX,,,,TX,
Public,,,,TX,,,,TX,
,Triebel Living Trust,,,TX,,,,TX,
Public,,,,TX,,,,TX,
Craig,Matthews,,,TX,,,,TX,
Matilda,Lozano-Barrientez,,,TX,,,,TX,
,Donna A Bird Living Trust,,,TX,,,,TX,
Olivia,Contreras,,,TX,,,,TX,
Sam,Manley,,,TX,,,,TX,
Allison,Gay,,,TX,,,,TX,
,Central National Bank,,,TX,,,,TX,
Public,,,,TX,,,,TX,
Ginger,Cease,,,TX,,,,TX,
Public,,,,TX,,,,TX,
Jonathan,Starnes,,,TX,,,,TX,
Public,,,,TX,,,,TX,
William,Rodriguez,,,TX,,,,TX,
,Avodah Properties Llc-Ps Bease,,,TX,,,,TX,
,Avodah Properties Llc-Ps Bease,,,TX,,,,TX,
,First United Bank And Trust Co,,,TX,,,,TX,
Beverley,Bailey,,,TX,,,,TX,
,Fidelity Bank Of Texas,% MICHAEL SHULER,Waco,TX,76708,,,TX,
,Fidelity Bank Of Texas,,,TX,,,,TX,
,Fidelity Bank Of Texas,% MICHAEL SHULER,Waco,TX,76708,,,TX,
Deborah,Blount,,,TX,,,,TX,
Public,,,,TX,,,,TX,
Heath,Harris,,,TX,,,,TX,
Johnny,Wigley,,,TX,,,,TX,
Anne,Harris,,,TX,,,,TX,
Anne,Harris,,,TX,,,,TX,
Carmen,Burkhart,,,TX,,,,TX,
Public,,,,TX,,,,TX,
Jan,Dimmitt,,,TX,,,,TX,
Ginger,Lovelace,,,TX,,,,TX,
Chance,Germany,,,TX,,,,TX,
James,Steindl,,,TX,,,,TX,
Public,,,,TX,,,,TX,
,Wbh Fund Llc,,,TX,,,,TX,
Public,,,,TX,,,,TX,
Public,,,,TX,,,,TX,
Jimmy,Plemons,,,TX,,,,TX,
Clint,Corn,,,TX,,,,TX,
,Freedom Mortgage Corporation,,,TX,,,,TX,
Jeffrey,Hylton,,,TX,,,,TX,
,American Bank Na,,,TX,,,,TX,
Ashia,Sims,,,TX,,,,TX,
Ispc,,,,TX,,,,TX,
Ispc,,,,TX,,,,TX,
Public,,,,TX,,,,TX,
,Veterans Land Board Of The State Of Texas,,,TX,,,,TX,
Colton,Shaw,,,TX,,,,TX,
,Alliance Bank Central Texas,,,TX,,,,TX,
Rhonda,Williams,,,TX,,,,TX,
Randall,Henexson,,,TX,,,,TX,
Barbara,Henexson,,,TX,,,,TX,
Ma,Salcedo,,,TX,,,,TX,
Public,,,,TX,,,,TX,
James,Selman,,,TX,,,,TX,
James,Selman,,,TX,,,,TX,
Emilie,Jensen,,,TX,,,,TX,
Emilie,Jensen,,,TX,,,,TX,
Public,,,,TX,,,,TX,
Public,,,,TX,,,,TX,
,Robinson City Of,,,TX,,,,TX,
Tina,Smith,,,TX,,,,TX,
Tina,Smith,,,TX,,,,TX,
,James D Miller Family Trust,,,TX,,,,TX,
Julian,Lara,,,TX,,,,TX,
Julian,Lara,,,TX,,,,TX,
Julian,Lara,,,TX,,,,TX,
Public,,,,TX,,,,TX,
Public,,,,TX,,,,TX,
,Lima One Capital Llc,,,TX,,,,TX,
,C A Doose & Company Llc,,,TX,,,,TX,
Casey,Coker,,,TX,,,,TX,
Jordan,Finstad,,,TX,,,,TX,
,219 Marshall Llc,,,TX,,,,TX,
,Victus Development Llc,,,TX,,,,TX,
,Alliance Bank Central Texas,,,TX,,,,TX,
John,Fowler,,,TX,,,,TX,
John,Fowler,,,TX,,,,TX,
,Alliance Bank Central Texas,,,TX,,,,TX,
Eddie,Goins,,,TX,,,,TX,
Robert,Sellman,,,TX,,,,TX,
Robert,Sellman,,,TX,,,,TX,
Retirement,Wcp,,,TX,,,,TX,
,Bernard Family Trust,,,TX,,,,TX,
Thomas,Trinajstic,,,TX,,,,TX,
Thomas,Trinajstic,,,TX,,,,TX,
,Washington Federal Bank,,,TX,,,,TX,
Spray,Compass,,,TX,,,,TX,
,,,,TX,,,,TX,
Michael,Wise,,,TX,,,,TX,
Michael,Wise,,,TX,,,,TX,
Alisha,Howbert,,,TX,,,,TX,
John,Bowdoin,,,TX,,,,TX,
Robert,Jones,% ROBERT E JONES REGISTERED AGENT,Waco,TX,76704,,,TX,
Public,,,,TX,,,,TX,
Sandra,Gonzalez,171 SAN PEDRO ST,Waco,TX,76705,,,TX,
,Harmoni Towers Gateway Llc,,,TX,,,,TX,
,Simmons Bank,,,TX,,,,TX,
Public,,,,TX,,,,TX,
Public,,,,TX,,,,TX,
Kristen,Machicek,,,TX,,,,TX,
Jose,Diaz,,,TX,,,,TX,
Public,,,,TX,,,,TX,
Public,,,,TX,,,,TX,
,Wilmington Savings Fund Society Fsb,,,TX,,,,TX,
,Oncor Electric Delivery Company Llc,,,TX,,,,TX,
Rosemary,Moninger,,,TX,,,,TX,
Mirian,Gonzalez,,,TX,,,,TX,
Lucinda,Sampman,,,TX,,,,TX,
Roberta,Martinez,,,TX,,,,TX,
Adelaido,Galaviz-Torres,,,TX,,,,TX,
,C A Doose & Company Llc,,,TX,,,,TX,
,Fidelity Bank Of Texas,% MICHAEL SHULER,Waco,TX,76708,,,TX,
,Fidelity Bank Of Texas,% MICHAEL SHULER,Waco,TX,76708,,,TX,
Jose,Gonzalez,,,TX,,,,TX,
Charles,Anders,,,TX,,,,TX,
Ricky,Gotcher,,,TX,,,,TX,
Edward,Williams,,,TX,,,,TX,
,Southstate Bank Na,,,TX,,,,TX,
Dominic,Braus,,,TX,,,,TX,
Jimmie,Barnes,,,TX,,,,TX,
Kris,Bumsted,,,TX,,,,TX,
,Besa Legacy Holdings Llc,,,TX,,,,TX,
,Besa Legacy Holdings Llc,,,TX,,,,TX,
,Besa Legacy Holdings Llc,,,TX,,,,TX,
,Besa Legacy Holdings Llc,,,TX,,,,TX,
,Besa Legacy Holdings Llc,,,TX,,,,TX,
,Besa Legacy Holdings Llc,,,TX,,,,TX,
,Besa Legacy Holdings Llc,,,TX,,,,TX,
Ernest,Perales,,,TX,,,,TX,
Ernest,Perales,,,TX,,,,TX,
Patricia,Ordones,,,TX,,,,TX,
Noemi,Valenzuela,1023 LEWIS ST,Waco,TX,76705,,,TX,
Albert,Contreras,,,TX,,,,TX,
Public,,,,TX,,,,TX,
Rebecca,Clarkson,306 S MONROE ST,Mc Gregor,TX,76657,,,TX,
Rebecca,Clarkson,306 S MONROE ST,Mc Gregor,TX,76657,,,TX,
Public,,,,TX,,,,TX,
Public,,,,TX,,,,TX,
Matthew,Perrine,,,TX,,,,TX,
Jennifer,Wilkinson,,,TX,,,,TX,
Ltd,Bkck,,,TX,,,,TX,
Ivori,Murray,,,TX,,,,TX,
Glenda,Mcnair,,,TX,,,,TX,
Glenn,Mcnair,,,TX,,,,TX,
,Glenn Mcnair Revocable Living Trust,,,TX,,,,TX,
Sandra,Dawson,,,TX,,,,TX,
Monica,Ferguson,,,TX,,,,TX,
Cathy,Schoenrock,100 E 2ND ST,West,TX,76691,,,TX,
Providence,Ascension,,,TX,,,,TX,
Providence,Ascension,,,TX,,,,TX,
Providence,Ascension,,,TX,,,,TX,
Providence,Ascension,,,TX,,,,TX,
Providence,Ascension,,,TX,,,,TX,
Public,,,,TX,,,,TX,
Public,,,,TX,,,,TX,
Public,,,,TX,,,,TX,
Cynthia,Neff,,,TX,,,,TX,
Public,,,,TX,,,,TX,
Chelsea,Crouser,,,TX,,,,TX,
Steven,Garcia,,,TX,,,,TX,
Steven,Garcia,,,TX,,,,TX,
,Kcw-1 Llc,,,TX,,,,TX,
Karen,Mccrocklin,,,TX,,,,TX,
,Rally House Of Texas Llc,,,TX,,,,TX,
,Texas State Of,,,TX,,,,TX,
,Texas State Of,,,TX,,,,TX,
Public,,,,TX,,,,TX,
Public,,,,TX,,,,TX,
Rodger,Corfield,373 OAK ST,China Spring,TX,76633,,,TX,
Shawna,Bolen,,,TX,,,,TX,
Arnulfo,Perez,,,TX,,,,TX,
Arnulfo,Perez,,,TX,,,,TX,
Gospel,Grace,,,TX,,,,TX,
Faith,By,JOHNNY TULL & BETHANY TULL - TRUSTEES,Axtell,TX,76624,,,TX,
Katie,Lundberg,,,TX,,,,TX,
Jakeyszia,Horton,,,TX,,,,TX,
,First National Bank Of Mcgregor,,,TX,,,,TX,
Kay,Tuel,,,TX,,,,TX,
,Okinus Inc,,,TX,,,,TX,
Kayce,Sarver,577 LAKELAND PARK CIR,Mart,TX,76664,,,TX,
Public,,,,TX,,,,TX,
Christina,Lowry,,,TX,,,,TX,
,Auction.Com Llc,,,TX,,,,TX,
Katherine,Regallo,,,TX,,,,TX,
Michael,Orlando,,,TX,,,,TX,
Shaye,Wooten,,,TX,,,,TX,
Public,,,,TX,,,,TX,
Linda,Sandhoff,,,TX,,,,TX,
Zachary,Thornburg,,,TX,,,,TX,
Zachary,Thornburg,,,TX,,,,TX,
Andrew,White,,,TX,,,,TX,
Daniel,Gonzales,,,TX,,,,TX,
Bryan,Coleman,103 CANNON LN,Waco,TX,76708,,,TX,
Mark,Bento,,,TX,,,,TX,
Shianne,Dreyer,,,TX,,,,TX,
Shawn,Holland,,,TX,,,,TX,
Shawn,Holland,,,TX,,,,TX,
Corey,Bass,,,TX,,,,TX,
Public,,,,TX,,,,TX,
Constrution,America,,,TX,,,,TX,
Construction,America,,,TX,,,,TX,
Public,,,,TX,,,,TX,
Public,,,,TX,,,,TX,
Orlando,Martinez,,,TX,,,,TX,
Public,,,,TX,,,,TX,
Darvin,Thiele,119 COUNTY ROAD 1617,Clifton,TX,76634,,,TX,
Donald,Sorelle,,,TX,,,,TX,
,Woody Butler Homes Inc,,,TX,,,,TX,
Andrew,White,,,TX,,,,TX,
David,Finch,,,TX,,,,TX,
David,Finch,,,TX,,,,TX,
Public,,,,TX,,,,TX,
Patrick,Jaska,PO BOX 18,Ross,TX,76684,,,TX,
Allan,Mcfarland,,,TX,,,,TX,
,Fidelity Bank Of Texas,% MICHAEL SHULER,Waco,TX,76708,,,TX,
Angela,Hudson,,,TX,,,,TX,
With,Crafts,,,TX,,,,TX,
Christopher,Chance,,,TX,,,,TX,
,Pnc Bank Na,,,TX,,,,TX,
Reginald,Jones,,,TX,,,,TX,
Cynthia,Halford,,,TX,,,,TX,
On,Retired,,,TX,,,,TX,
,Hanmi Bank,,,TX,,,,TX,
,Big Cedar Investments Llc,,,TX,,,,TX,
Jay,Knowles,1322 RENICK ST,Waco,TX,76704,,,TX,
Jaxon,Player,,,TX,,,,TX,
Public,,,,TX,,,,TX,
Darvin,Thiele,119 COUNTY ROAD 1617,Clifton,TX,76634,,,TX,
,Sosa-Cordova Springs Llc,,,TX,,,,TX,
,Swbc Mortgage Corporation,,,TX,,,,TX,
Janet,Valdez,,,TX,,,,TX,
Janet,Valdez,,,TX,,,,TX,
Public,,,,TX,,,,TX,
Cheryl,Cox,,,TX,,,,TX,
,Baxter Holdings Llc,,,TX,,,,TX,
Rodrick,Childers,,,TX,,,,TX,
Rodrick,Childers,,,TX,,,,TX,
Matthew,Perrine,,,TX,,,,TX,
,United State Of America,,,TX,,,,TX,
,Stylecraft Falcon Pointe Lp,,,TX,,,,TX,
,Bold Springs Tire And Lube Center Inc,,,TX,,,,TX,
E,W,,,TX,,,,TX,
Joseph,Campbell,,,TX,,,,TX,
Bonnie,Crelia,,,TX,,,,TX,
Valerie,Rodriguez,,,TX,,,,TX,
Juan,Ybarra,,,TX,,,,TX,
Public,,,,TX,,,,TX,
Barbara,Cook,,,TX,,,,TX,
Adrian,Revelez,,,TX,,,,TX,
Adrian,Revelez,,,TX,,,,TX,
Monica,Herring,,,TX,,,,TX,
Jeffery,Herring,,,TX,,,,TX,
Family,Graves,,,TX,,,,TX,
Family,Graves,,,TX,,,,TX,
Family,Graves,,,TX,,,,TX,
Oscar,Quintero,,,TX,,,,TX,
Oscar,Quintero,,,TX,,,,TX,
Oscar,Quintero,,,TX,,,,TX,
Lindsey,Sirizzotti,,,TX,,,,TX,
Lindsey,Sirizzotti,,,TX,,,,TX,
,Schertz Bank & Trust,,,TX,,,,TX,
,The Commercial National Bank Of Brady,,,TX,,,,TX,
David,Whitlow,,,TX,,,,TX,
Shawnequa,Wilkerson,,,TX,,,,TX,
Willie,Starts,,,TX,,,,TX,
Steven,Rowe,,,TX,,,,TX,
Eric,Betts,,,TX,,,,TX,
Chasity,Lyons,,,TX,,,,TX,
Justin,Bahajak,,,TX,,,,TX,
,First National Bank Of Mcgregor,,,TX,,,,TX,
,First National Bank Of Mcgregor,,,TX,,,,TX,
,Triple M Home Builders Llc,,,TX,,,,TX,
Gloria,Castro,,,TX,,,,TX,
Public,,,,TX,,,,TX,
Public,,,,TX,,,,TX,
Sarina,Moore,,,TX,,,,TX,
Gregory,Menning,,,TX,,,,TX,
Public,,,,TX,,,,TX,
Daniel,Davis,,,TX,,,,TX,
,Prosperity Bank,,,TX,,,,TX,
,C A Doose & Company Llc,,,TX,,,,TX,
,Prosperity Bank,,,TX,,,,TX,
,C A Doose & Company Llc,,,TX,,,,TX,
,Prosperity Bank,,,TX,,,,TX,
,C A Doose & Company Llc,,,TX,,,,TX,
Corporation,Mpro,,,TX,,,,TX,
Corporation,Mpro,,,TX,,,,TX,
David,Kirkland,,,TX,,,,TX,
Colton,Melo,,,TX,,,,TX,
,Central National Bank,,,TX,,,,TX,
